student_id,student_name,class_name,section,exam_name,subject,chapter_name,topic_name,marks_obtained,maximum_marks
1001,Ayushman Sharma,10,A,Unit Test 1,Mathematics,Algebra,Polynomials,19,25
1002,Diya Patel,10,A,Unit Test 1,Mathematics,Algebra,Polynomials,30,25
1003,Kabir Nair,10,A,Unit Test 1,Mathematics,Algebra,Polynomials,N/A,25
1004,Ishita Rao,10,A,Unit Test 1,Mathematics,Algebra,Polynomials,10,0
1005,Aman Verma,10,A,Unit Test 1,Mathematics,Algebra,Polynomials,-5,25
1006,,10,A,Unit Test 1,Mathematics,Algebra,Polynomials,20,25
,Arjun Reddy,10,A,Unit Test 1,Mathematics,Algebra,Polynomials,15,25
1008,Sara Fernandes,10,A,,Mathematics,Algebra,Polynomials,18,25
1008,Sara Fernandes,10,A,Unit Test 1,,Algebra,Polynomials,18,25
1008,Sara Fernandes,10,A,Unit Test 1,Mathematics,,Polynomials,18,25
1008,Sara Fernandes,10,A,Unit Test 1,Mathematics,Algebra
1001,Ayushman Sharma,10,A,Unit Test 1,Mathematics,Geometry,Circles,18,25
